day,tranche,accts,balance,past_due_amt,amount_owed_to_dt,total_payments_amt
2022-02-03,Current,2,4590,NA,0,0
2022-02-04,Current,4,9300,NA,0,0
2022-02-05,Current,4,9300,NA,0,0
2022-02-06,Current,4,9300,NA,0,0
2022-02-07,Current,7,16004.9,NA,0,0
2022-02-08,Current,7,16004.9,NA,0,0
2022-02-09,Current,12,25443.9,NA,0,0
2022-02-10,Current,12,25443.9,NA,0,0
2022-02-11,Current,12,25443.9,NA,0,0
2022-02-12,Current,12,25443.9,NA,0,0
2022-02-13,Current,12,25443.9,NA,0,0
2022-02-14,Current,13,27933.9,NA,0,0
2022-02-15,Current,15,30009.8,NA,0,0
2022-02-16,Current,15,30009.8,NA,0,0
2022-02-17,Current,22,43675.8,NA,0,0
2022-02-18,Current,37,68218.59,NA,0,0
2022-02-19,Current,44,78695.32,NA,0,0
2022-02-20,Current,44,78695.32,NA,0,0
2022-02-21,Current,64,116141.41,NA,0,0
2022-02-22,Current,83,149232.76,NA,0,0
2022-02-23,Current,95,171398.26,NA,0,0
2022-02-24,Current,106,187820.76,NA,0,0
2022-02-25,Current,119,205394.76,NA,0,0
2022-02-26,Current,124,213934.76,NA,0,0
2022-02-27,Current,124,213934.76,NA,0,0
2022-02-28,Current,147,253710.76,NA,0,0
2022-03-01,Current,159,275152.36,NA,0,0
2022-03-02,Current,177,305685.56,NA,0,0
2022-03-03,Current,207,363638.26,NA,0,0
2022-03-04,Current,223,388268.25,NA,0,41.81
2022-03-05,Current,226,395145.95,NA,0,41.81
2022-03-06,Current,226,395145.95,NA,0,41.81
2022-03-07,Current,252,440478.43,NA,0,41.81
2022-03-08,Current,283,498389.33,NA,0,41.81
2022-03-09,Current,301,533086.33,NA,0,41.81
2022-03-10,Current,387,695175.48,NA,0,41.81
2022-03-11,Current,436,773288.32,NA,0,41.81
2022-03-12,Current,441,783860.52,NA,0,41.81
2022-03-13,Current,441,783860.52,NA,0,41.81
2022-03-14,Current,500,888684.57,NA,0,103.36
2022-03-15,Current,533,949230.46,NA,0,103.36
2022-03-16,Current,587,1048490.14,NA,0,103.36
2022-03-17,Current,672,1184913.94,NA,0,103.36
2022-03-18,Current,720,1258500.07,NA,0,103.36
2022-03-19,Current,757,1340783.33,NA,0,103.36
2022-03-20,Current,757,1340783.33,NA,0,103.36
2022-03-21,Current,854,1497594.12,NA,0,103.36
2022-03-22,Current,952,1666317.62,NA,0,103.36
2022-03-23,Current,1034,1804492.03,NA,0,103.36
2022-03-24,Current,1151,1978952.44,NA,0,103.36
2022-03-25,Current,1221,2089688.34,NA,0,143.36
2022-03-26,Current,1235,2109326.59,NA,0,143.36
2022-03-27,Current,1235,2109326.59,NA,0,143.36
2022-03-28,Current,1355,2322229,NA,0,143.36
2022-03-29,Current,1447,2451502.64,NA,0,143.36
2022-03-30,Current,1528,2443102.64,NA,0,143.36
2022-03-31,Current,1621,2443102.64,NA,0,143.36
2022-04-01,Current,1683,2432185.64,NA,0,143.36
2022-04-02,Current,1686,2432185.64,NA,0,143.36
2022-04-03,Current,1686,2432185.64,NA,0,143.36
2022-04-04,Current,1812,3024384.95,NA,0,143.36
2022-04-05,Current,1924,3206578.0608141096,NA,0,143.36
2022-04-06,Current,2035,3359477.7670500004,NA,0,143.36
2022-04-07,Current,2138,3499281.273285891,NA,0,165.67
2022-04-08,Current,2203,3586630.4495217814,NA,0,165.67
2022-04-09,Current,2234,3642894.537944716,NA,0,165.67
2022-04-10,Current,2234,3642146.6663676505,NA,0,165.67
2022-04-11,Current,2356,3794916.792522366,NA,0,165.67
2022-04-12,Current,2473,3965128.8186770817,NA,0,215.67
2022-04-13,Current,2584,4116939.5448317975,NA,0,1015.67
2022-04-14,Current,2678,4251002.910986513,NA,0,1104.67
2022-04-15,Current,2736,4338784.766870188,44.73,0,1137.16
2022-04-16,1-7,1,900.1586313703,29.54,0,0
2022-04-16,Current,2741,4343078.706026328,15.19,0,1137.16
2022-04-17,1-7,1,901.0366887676,29.54,0,0
2022-04-17,Current,2741,4343058.018660046,15.19,0,1214.98
2022-04-18,1-7,1,901.9147461649,29.54,0,0
2022-04-18,Current,2839,4473892.551293764,15.19,0,1214.98
2022-04-19,1-7,1,902.7928035622,29.54,29.54,0
2022-04-19,Current,2940,4633861.599844689,15.19,47.68,1245.43
2022-04-20,1-7,2,1829.3962585491,44.73,44.73,0
2022-04-20,Current,3020,4726589.586493829,31.31,74.51,1245.43
2022-04-21,1-7,2,1831.1764324122,44.73,44.73,0
2022-04-21,Current,3135,4910402.709673017,57.99,74.51,1450.03
2022-04-22,1-7,2,2638.1437853443,87.53,29.54,0
2022-04-22,Current,3201,4989615.058889192,111.48,121.01,1994.77
2022-04-23,1-7,3,5119.0803720411,169.47,15.19,0
2022-04-23,8-14,1,906.3050331514,29.54,29.54,0
2022-04-23,Current,3217,5008802.909090576,39.84,105.82,1994.77
2022-04-24,1-7,4,7541.9733358965,209.31,15.19,0
2022-04-24,8-14,1,907.1830905487,29.54,29.54,0
2022-04-24,Current,3211,4991835.0467631025,0,105.82,2036.79
2022-04-25,1-7,4,7549.2945202994,209.31,73.18,0
2022-04-25,8-14,1,908.061147946,29.54,29.54,0
2022-04-25,Current,3296,5086633.129949464,0,105.82,2036.79
2022-04-26,1-7,4,7556.6157047023,209.31,169.47,0
2022-04-26,8-14,1,908.9392053433,29.54,29.54,0
2022-04-26,Current,3381,5166653.280954101,0,138.31,2036.79
2022-04-27,1-7,3,6647.1072053456,178.93,178.93,0
2022-04-27,8-14,2,1841.8574755908,59.92,59.92,0
2022-04-27,Current,3455,5257713.5666737165,56,180.33,2117.2
2022-04-28,1-7,4,8521.6880607604,196.55,210.24,45
2022-04-28,8-14,2,1843.6376494539,59.92,59.92,0
2022-04-28,Current,3561,5400290.379478318,81.68,149.02,2140.12
2022-04-29,1-7,4,7445.4570441766,160.22,183.56,45
2022-04-29,8-14,3,3589.8856144145,162.64,117.91,0
2022-04-29,Current,3601,5455193.776616071,293.99,217.85,2617.14
2022-04-30,1-7,11,14191.2342329603,299.7,102.46,81.28
2022-04-30,15-29,2,1847.1979971801,104.65,59.92,0
2022-04-30,8-14,2,4234.3411668522,139.09,139.09,0
2022-04-30,Current,3596,5439100.754354747,113.25,217.85,2580.86
2022-05-01,1-7,10,11770.6864859684,220.02,62.62,81.28
2022-05-01,15-29,2,1848.9781710432,104.65,59.92,0
2022-05-01,8-14,3,6672.7971631544,218.77,178.93,0
2022-05-01,Current,3593,5430447.096881671,155.27,217.85,2604.86
2022-05-02,1-7,13,14020.966026577,284.79,122.66,81.28
2022-05-02,15-29,2,1850.7583449063,104.65,59.92,0
2022-05-02,8-14,3,6679.2196526066,218.77,178.93,0
2022-05-02,Current,3666,5521779.39794831,134.84,254.43,2604.86
2022-05-03,1-7,14,15353.4552760822,306.43,387.71,81.28
2022-05-03,15-29,2,1852.5385187694,104.65,104.65,0
2022-05-03,8-14,3,6685.6421420588,218.77,178.93,0
2022-05-03,Current,3750,5608903.244406895,135.68,518.06,2673.81
2022-05-04,1-7,17,17557.7455706303,391.26,432.71,81.28
2022-05-04,15-29,2,1854.3186926325,104.65,104.65,0
2022-05-04,8-14,3,6692.064631511,218.77,218.77,0
2022-05-04,Current,3835,5714765.810384008,90.68,559.42,2738.29
2022-05-05,1-7,18,20003.2211250267,385.27,483.95,184.8
2022-05-05,15-29,2,1856.0988664956,104.65,104.65,0
2022-05-05,8-14,6,10016.5492536817,372.59,319.77,45
2022-05-05,Current,3904,5797148.942009336,72.4,468.2,3255.57
2022-05-06,1-7,16,19151.3136587393,450.31,485.02,155.35
2022-05-06,15-29,3,3614.0978129635,235.82,162.64,0
2022-05-06,8-14,7,10257.121545841,402.65,344.91,45
2022-05-06,Current,3940,5823709.285403205,223.08,518.72,4031.97
2022-05-07,1-7,12,15071.0468071125,261.64,299.95,207.42
2022-05-07,15-29,4,6122.4960798419,398.02,243.74,0
2022-05-07,8-14,15,16899.0763674176,571.84,491.47,51.83
2022-05-07,Current,3935,5805575.093564017,104.51,476.13,4093.07
2022-05-08,1-7,11,12570.8784620469,219.62,173.89,123.38
2022-05-08,15-29,5,8579.1939774047,517.54,323.42,0
2022-05-08,8-14,14,14464.5982127024,452.32,411.79,51.83
2022-05-08,Current,3929,5788211.323703283,146.53,602.19,4421.85
2022-05-09,1-7,12,15058.3892436835,261.64,349.87,249.44
2022-05-09,15-29,5,8587.39664072,517.54,381.41,0
2022-05-09,8-14,14,14478.6152922347,452.32,433.43,51.83
2022-05-09,Current,4002,5870058.254683096,225.32,687.33,4462.99
2022-05-10,1-7,14,17536.2346522454,301.99,509.41,249.44
2022-05-10,15-29,5,8595.5993040353,517.54,477.7,0
2022-05-10,8-14,16,15853.1142777956,496.66,548.49,51.83
2022-05-10,Current,4086,5954740.037077304,438.28,1440.34,5327.56
2022-05-11,1-7,18,23107.860382249,565.61,675.31,306.51
2022-05-11,15-29,5,8603.8019673506,517.54,517.54,0
2022-05-11,8-14,17,15472.6568076123,534.87,503.32,6.83
2022-05-11,Current,4163,6080011.409412979,240.79,1852.36,5472.12
2022-05-12,1-7,21,27405.0699048435,700.93,754.02,223.44
2022-05-12,15-29,7,10058.8801298004,602.82,564.44,0
2022-05-12,8-14,17,17183.856391429,541.82,595.59,128.38
2022-05-12,Current,4229,6203440.461665033,252.35,2017.71,5831.16
2022-05-13,1-7,25,31642.886602546,866.66,888.61,223.44
2022-05-13,15-29,8,11145.2209712569,667.17,608.68,0
2022-05-13,8-14,15,16472.3879333068,774.49,519.44,52.07
2022-05-13,Current,4259,6226815.750130606,404.27,2187.41,7550.63
2022-05-14,1-7,23,33013.642102367,762.81,634.89,164.54
2022-05-14,15-29,18,21250.1701794429,1314.84,966.14,6.83
2022-05-14,8-14,14,15527.3925494459,449.59,415.7,104.14
2022-05-14,Current,4257,6221453.089901723,225.19,2187.41,7550.63
2022-05-15,1-7,22,30555.8756950136,720.79,466.81,38.48
2022-05-15,15-29,17,20322.2839816942,1238.89,905.38,6.83
2022-05-15,30-44,1,948.2783092346,75.95,60.76,0
2022-05-15,8-14,14,15542.432099948,388.79,415.7,104.14
2022-05-15,Current,4248,6193264.998531392,267.21,2355.49,7731.67
2022-05-16,1-7,21,31140.2106824389,731.63,748.27,206.56
2022-05-16,15-29,16,18627.9648437151,1128.15,893.31,6.83
2022-05-16,30-44,1,949.1804257004,75.95,60.76,0
2022-05-16,8-14,13,14749.5195542842,380.77,439.44,104.14
2022-05-16,Current,4323,6308331.901737509,378,2622.47,8042.18
2022-05-17,1-7,26,34576.269896625,873.22,906.29,206.56
2022-05-17,15-29,17,19206.7722738557,1164.47,1113.3,6.83
2022-05-17,30-44,1,950.0825421662,75.95,75.95,0
2022-05-17,8-14,11,15344.3297951943,435.56,546.67,104.14
2022-05-17,Current,4397,6423500.856613692,230.26,3682.88,8220.39
2022-05-18,1-7,25,31846.1592033933,825.34,883.51,180.48
2022-05-18,15-29,19,20731.380539946502,1257.37,1233.2,6.83
2022-05-18,30-44,1,950.984658632,75.95,75.95,0
2022-05-18,8-14,12,16066.5696931348,541.25,581.65,45.24
2022-05-18,Current,4467,6529695.76672911,442.88,4011.05,8575.61
2022-05-19,1-7,25,34345.1242210232,798.05,872.43,267.14
2022-05-19,15-29,19,20748.9844333187,1349.94,1268.62,6.83
2022-05-19,30-44,1,951.8867750978,75.95,75.95,0
2022-05-19,8-14,14,19336.2432113695,739.62,646.93,0
2022-05-19,Current,4549,6664239.93541447,655.49,4073.25,10097.16
2022-05-20,1-7,28,36803.2247986116,867.79,848.42,357.62
2022-05-20,15-29,20,23839.7997160078,1651.52,1376.98,6.83
2022-05-20,30-44,1,952.7888915636,91.14,75.95,0
2022-05-20,8-14,17,23184.3290396752,928.11,751.83,0
2022-05-20,Current,4571,6681214.280660218,1848.5,4435.09,12536.1
2022-05-21,1-7,51,56653.2634020184,1421.78,648.49,406.41
2022-05-21,15-29,23,26808.4479123306,1783.4,1414.39,6.83
2022-05-21,30-44,2,2735.0904552927,265.11,191.93,0
2022-05-21,8-14,21,28767.5865988968,998.53,803.69,0
2022-05-21,Current,4547,6636109.321529151,921.34,4429.77,12541.45
2022-05-22,1-7,48,51847.602360163,1379.76,335.43,90.13
2022-05-22,15-29,21,24080.5547144,1533.27,1238.53,0
2022-05-22,30-44,3,5278.4922017608,508.41,354.13,0
2022-05-22,8-14,22,29001.0998467314,1005.36,817.35,6.83
2022-05-22,Current,4523,6570389.037286407,1158.24,4742.83,12930.16
2022-05-23,1-7,49,54657.0424613503,1619.64,986.15,280.23
2022-05-23,15-29,20,21617.4759771832,1334.07,1150.73,0
2022-05-23,30-44,4,7769.5871720638,707.61,571.48,0
2022-05-23,8-14,21,26618.0364387756,927.23,802.88,6.83
2022-05-23,Current,4582,6649351.513461875,1268.86,5199.36,13399.47
2022-05-24,1-7,55,63766.1597188149,2123.12,1998.89,285.78
2022-05-24,15-29,20,21638.1676043514,1334.07,1334.07,0
2022-05-24,30-44,4,7776.9117779818,707.61,667.77,0
2022-05-24,8-14,22,27599.8710855562,998.54,965.47,6.83
2022-05-24,Current,4625,6707945.433752361,1269.41,8414.17,13945.7
2022-05-25,1-7,63,77190.8203936556,2716.73,2577.45,325.8
2022-05-25,15-29,25,27682.0378806748,1765.18,1686.9,0
2022-05-25,30-44,4,7784.2363838998,707.61,707.61,0
2022-05-25,8-14,20,25632.1199918493,907.22,841.8,24.78
2022-05-25,Current,4681,6785253.707726903,1121.25,8770.01,14721.51
2022-05-26,1-7,68,89165.7315182311,3031.88,2870.83,516.34
2022-05-26,15-29,28,32274.914302147,2111.95,1908.1,0
2022-05-26,30-44,4,7791.5609898178,707.61,707.61,0
2022-05-26,8-14,22,28301.0896532941,1162.95,1055.86,53.72
2022-05-26,Current,4742,6846913.902153878,811.72,9038.4,16087.44
2022-05-27,1-7,70,89518.7228129595,3147.83,3174.63,634.46
2022-05-27,15-29,29,36452.7378621128,2456.86,2052.47,0
2022-05-27,30-44,6,9266.6864203928,854.98,839.79,0
2022-05-27,8-14,25,31559.6866683075,1497.78,1257.42,53.72
2022-05-27,Current,4757,6823503.10203293,2238.74,9692.1,19399.42
2022-05-28,1-7,90,118211.5780007708,3559.52,2445.94,956.96
2022-05-28,15-29,35,45083.0048997661,2904.22,2334.82,6.83
2022-05-28,30-44,8,11304.8655611674,1068,969.67,0
2022-05-28,8-14,47,57426.7236512208,2147.73,2018.84,108.85
2022-05-28,Current,4680,6692568.079385895,745.17,9247.14,19064.83
2022-05-29,1-7,90,115444.5238414838,3508.34,2193.82,746.86
2022-05-29,15-29,28,37743.37949655,2266.4,1862.46,6.83
2022-05-29,30-44,15,18698.269864939,1705.82,1442.03,0
2022-05-29,8-14,47,57482.15209673,2147.73,2018.84,108.85
2022-05-29,Current,4663,6636695.789745326,1142.82,9499.26,19706.46
2022-05-30,1-7,93,120254.1697602202,3708.19,2321.21,998.98
2022-05-30,15-29,27,36960.6827074558,2232.2,1810.1,6.83
2022-05-30,30-44,14,17754.1193523374,1599.49,1350.89,0
2022-05-30,45-59,1,961.8100562216,106.33,91.14,0
2022-05-30,8-14,50,60111.1360442165,2433.05,2195.93,108.85
2022-05-30,Current,4641,6584467.765927053,1293.8,9247.14,19787.64
2022-05-31,1-7,88,118153.2032300621,3612.19,2427.46,940.47
2022-05-31,15-29,30,40324.1369224243,2502.16,2099.37,6.83
2022-05-31,30-44,14,17770.8767794916,1599.49,1394.19,0
2022-05-31,45-59,1,962.7121726874,106.33,91.14,0
2022-05-31,8-14,48,57487.7044689277,2355.39,2229.83,84.04
2022-05-31,Current,4704,6646114.605635611,990.64,10527.33,20813.68
2022-06-01,1-7,91,120207.8731419235,3526.04,3617.27,997.07
2022-06-01,15-29,33,42768.7563671445,2682.55,2461.87,6.83
2022-06-01,30-44,15,18356.7075841801,1662.49,1595.97,0
2022-06-01,45-59,1,963.6142891532,106.33,106.33,0
2022-06-01,8-14,54,67420.604274481,2750.82,2816.79,119.94
2022-06-01,Current,4764,6707633.356243816,1085.66,14084.92,23298.65
2022-06-02,1-7,93,120940.7882086312,3360.94,3698.73,764.54
2022-06-02,15-29,36,47896.2873674538,3044.68,2868.23,35.77
2022-06-02,30-44,16,19078.4990450908,1809.56,1721.41,0
2022-06-02,45-59,1,964.516405619,106.33,106.33,0
2022-06-02,8-14,55,72461.8128394819,2890.51,2981.74,301.54
2022-06-02,Current,4850,6792477.043074006,2478.73,15883.64,25478.95
2022-06-03,1-7,109,145781.0501677235,5079.55,3950.01,733.91
2022-06-03,15-29,39,51583.8864801534,3442.17,3023.23,35.77
2022-06-03,30-44,17,19918.3827412339,2039.92,1808.47,0
2022-06-03,45-59,1,965.4185220848,121.52,106.33,0
2022-06-03,8-14,54,66834.1820409542,3042.96,2938.74,430.54
2022-06-03,Current,4877,6795139.555502231,3804.29,17041.72,32843.38
2022-06-04,1-7,141,181984.0749618373,5840.64,2924.17,983.64
2022-06-04,15-29,63,76959.8627996318,4737.35,3972.89,137.43
2022-06-04,30-44,18,23052.4874861424,2329.36,2008.15,0
2022-06-04,45-59,1,966.3206385506,121.52,106.33,0
2022-06-04,8-14,76,97768.7315532761,3459.07,3703.63,641.77
2022-06-04,Current,4791,6661802.625959824,1148.23,16153.33,32659.72
2022-06-05,1-7,138,175086.2732600376,5621.8,2441.42,731.52
2022-06-05,15-29,58,69046.4218490308,4206.03,3554.19,137.43
2022-06-05,30-44,21,26062.9498011941,2516.8,2140.96,0
2022-06-05,45-59,2,2773.8028769382,353.48,280.3,0
2022-06-05,8-14,79,103239.6104861313,3647.68,3892.24,641.77
2022-06-05,Current,4771,6612666.693430052,1433.95,16559.39,33603.71
2022-06-06,1-7,128,168856.5680188083,5314.56,3818.19,1128.64
2022-06-06,15-29,58,67677.3934803087,4162.6,3675.63,137.43
2022-06-06,30-44,20,23510.8046934279,2192.4,1969.22,0
2022-06-06,45-59,3,5353.0861603933,677.88,581.59,0
2022-06-06,8-14,87,112830.7165394305,4383.74,4542.92,626.69
2022-06-06,Current,4851,6676104.45954189,1455.02,17640.82,34136.13
2022-06-07,1-7,133,164971.4169578364,4875.1,5628.66,1385.55
2022-06-07,15-29,65,77688.5204691999,5001.83,4915.58,137.43
2022-06-07,30-44,19,21011.5727686763,1913.52,1913.52,0
2022-06-07,45-59,4,7879.4562608338,956.76,916.92,0
2022-06-07,8-14,87,117848.1961576701,4386.05,4848.6,635.88
2022-06-07,Current,4962,6776498.796492328,1570.18,25780.08,35599.57
2022-06-08,1-7,146,180234.2104987983,5411.74,6341.65,1558.5
2022-06-08,15-29,65,83393.7339131489,5333.61,5118.2,137.43
2022-06-08,30-44,21,24493.1143709667,2254.35,2245.83,0
2022-06-08,45-59,4,7886.7808667518,956.76,956.76,0
2022-06-08,8-14,88,112975.494776985,4270.86,4709.47,680.79
2022-06-08,Current,5057,6886927.591100721,1691.46,26910.06,36726.27
2022-06-09,1-7,155,195517.9219967221,5928.82,7043.44,2133.5
2022-06-09,15-29,69,91913.7568075612,6017.2,5773.86,327.34
2022-06-09,30-44,25,28590.5829097037,2688.56,2586.82,0
2022-06-09,45-59,4,7894.1054726698,956.76,956.76,0
2022-06-09,8-14,89,113039.7860969201,4213.91,4236.72,470.01
2022-06-09,Current,5171,7026297.074803478,2879.67,27332.15,38657.44
2022-06-10,1-7,154,195127.7436463118,6517.91,6624.47,2309.16
2022-06-10,15-29,72,95226.4149620871,6480.05,5998.73,407.24
2022-06-10,30-44,28,33257.6928967941,3409.56,2997.92,0
2022-06-10,45-59,4,7901.4300785878,971.95,956.76,0
2022-06-10,8-14,92,117382.3782091404,5686.92,4667.13,288.49
2022-06-10,Current,5225,7041081.627754547,4865.05,28955.06,47702.5
2022-06-11,1-7,177,219800.2012335018,6966.18,5209.35,2932.31
2022-06-11,15-29,106,133875.9730680514,8621.13,7216.48,511.06
2022-06-11,30-44,30,38015.5268035041,3792.06,3275.48,0
2022-06-11,45-59,5,8448.3428089281,1071.43,1016.4,0
2022-06-11,8-14,128,157666.366902151,5939.57,5941.88,814.86
2022-06-11,Current,5113,6877197.8890700145,1786.47,27540.48,46740.99
2022-06-12,1-7,176,218952.3982244342,6881.16,4745.48,2638.17
2022-06-12,15-29,101,128577.4353960628,7988.08,6728.65,504.23
2022-06-12,30-44,35,43865.9142784619,4288,3652.97,6.83
2022-06-12,45-59,7,10514.4827286083,1309.55,1211.22,0
2022-06-12,8-14,128,159400.4032445328,5982.12,5923.32,814.86
2022-06-12,Current,5100,6827446.50308667,1850.62,27938.43,47115.57
2022-06-13,1-7,172,205889.6880483793,6306.54,5551.1,2395.72
2022-06-13,15-29,107,136950.1576556743,8670.36,7727.98,504.23
2022-06-13,30-44,29,36862.4972763385,3500.73,3127.55,6.83
2022-06-13,45-59,14,18012.246200057,2183.55,1963.06,0
2022-06-13,8-14,124,160420.25354802,6111.8,6161.54,1019.04
2022-06-13,Current,5212,6938335.37893196,2273.4,31175.43,48643.41
2022-06-14,1-7,175,214441.3275216481,6490.62,8292.05,2524.31
2022-06-14,15-29,116,155102.1370822609,9744.07,9903.81,564.1
2022-06-14,30-44,30,37327.9588831384,3569.21,3504.38,6.83
2022-06-14,45-59,13,17053.674543756,2046.84,2007,0
2022-06-14,60-74,1,975.3418032086,136.71,136.71,0
2022-06-14,8-14,127,156737.913201656,5631.44,6627.31,1162.17
2022-06-14,Current,5288,7001373.949864362,1787.25,39678.17,49849.99
2022-06-15,1-7,173,205798.0087214819,6343.29,8291.95,2866.29
2022-06-15,15-29,119,155103.9938007961,9818.11,10227.95,575.68
2022-06-15,30-44,31,39105.5928351458,3778.81,3715.55,6.83
2022-06-15,45-59,13,17069.5425741978,2055.36,2046.84,0
2022-06-15,60-74,1,976.2439196744,136.71,136.71,0
2022-06-15,8-14,133,168171.6150041489,6263.39,7176.95,1300.58
2022-06-15,Current,5346,7094813.769983762,2500.26,41427,54657.15
2022-06-16,1-7,178,214220.4368986709,6791.91,8228.03,2867.05
2022-06-16,15-29,128,169290.8135354756,10735.78,10722.93,575.68
2022-06-16,30-44,30,38911.4930553663,3827.86,3678.34,6.83
2022-06-16,45-59,15,18494.597333958,2312.35,2224.2,0
2022-06-16,60-74,1,977.1460361402,136.71,136.71,0
2022-06-16,8-14,136,170553.3023161816,6568.31,7409.55,1472.98
2022-06-16,Current,5395,7165912.290100575,3294.26,42378.6,55967.49
2022-06-17,1-7,163,186036.8454335388,6396.63,7236.33,2778.54
2022-06-17,15-29,141,185904.5793059144,12417.3,11690.06,620.28
2022-06-17,30-44,32,43620.7196004693,4365.86,4070.99,35.77
2022-06-17,45-59,16,19226.2618871985,2554.09,2322.64,0
2022-06-17,60-74,1,978.048152606,151.9,136.71,0
2022-06-17,8-14,136,166497.2023087846,7839.49,7447.16,1549.81
2022-06-17,Current,5427,7204288.957275705,5283.64,47058.05,69065.03
2022-06-18,1-7,203,231741.0108180039,6477.14,6765.03,5276.31
2022-06-18,15-29,193,247233.9206155881,15923.21,13899.86,1024.66
2022-06-18,30-44,39,52526.2389815089,5221.18,4645.71,35.77
2022-06-18,45-59,16,19244.1120299144,2593.93,2322.64,0
2022-06-18,60-74,1,978.9502690718,151.9,136.71,0
2022-06-18,8-14,159,182883.060050323,6659.75,8050.52,1995.02
2022-06-18,Current,5302,7044589.3321872,2751.25,44141.47,65922.92
2022-06-19,1-7,209,235269.6089378436,6830.2,6509.4,5154.64
2022-06-19,15-29,174,227877.7270461609,14109.51,12401.28,923
2022-06-19,30-44,58,71908.2923641433,6833.06,5897.41,137.43
2022-06-19,45-59,17,22421.6986109875,2943.37,2622.16,0
2022-06-19,60-74,1,979.8523855376,151.9,136.71,0
2022-06-19,8-14,159,182690.3790404375,6586.27,8018.36,1995.02
2022-06-19,Current,5282,7001315.615535928,2529.39,44376.62,66282.32
2022-06-20,1-7,196,215754.3349566413,6858.79,7616.56,4985.27
2022-06-20,15-29,174,230381.892912905,14323.9,12989.89,972.04
2022-06-20,30-44,53,66483.0275811119,6478.36,5590.53,137.43
2022-06-20,45-59,21,26103.7919923026,3305.49,2981.39,0
2022-06-20,60-74,2,2812.5152985837,441.85,426.66,0
2022-06-20,8-14,154,173564.1635395164,6462.36,7626.03,1792.08
2022-06-20,Current,5366,7059001.763744042,4221.18,48021.79,68940.26
2022-06-21,1-7,203,223301.7098735206,7764.57,9508.31,4074.23
2022-06-21,15-29,179,236394.6801759651,14924.5,15382.69,1068.74
2022-06-21,30-44,54,67568.3063635501,6621.55,6228,137.43
2022-06-21,45-59,20,23515.4604678781,2899.99,2860.15,0
2022-06-21,60-74,3,5427.6801190258,847.35,847.35,0
2022-06-21,8-14,158,180052.4347148951,6779.81,8332.42,1790.77
2022-06-21,Current,5448,7167246.465474344,3621.87,61146.38,72712.26
2022-06-22,1-7,217,234486.1589714015,8668.67,11728.14,4117.89
2022-06-22,15-29,184,238506.9353140727,15120.77,15468.03,1035.38
2022-06-22,30-44,60,76010.3232926697,7574.56,7440.61,170.79
2022-06-22,45-59,19,20980.6485333177,2549.95,2541.43,0
2022-06-22,60-74,4,7989.3253496038,1205.91,1205.91,0
2022-06-22,8-14,158,178886.2170834343,6819.64,8353.29,2174.9
2022-06-22,Current,5544,7312233.087208091,4214.1,63032.49,74180.71
2022-06-23,1-7,236,264783.9426498954,9569.21,12496.57,4841.15
2022-06-23,15-29,192,239598.9114720781,15390.24,15516.18,1204.29
2022-06-23,30-44,62,81698.2341834998,8323.26,7887.18,170.79
2022-06-23,45-59,21,24839.5004710917,3126.41,3024.67,0
2022-06-23,60-74,4,7996.6499555218,1205.91,1205.91,0
2022-06-23,8-14,162,191754.3048093722,8191.42,9109.44,2138.03
2022-06-23,Current,5596,7362634.295646699,3731.1,64026.58,78916.38
2022-06-24,1-7,248,259820.7514953046,10136.88,12031.77,4198.24
2022-06-24,15-29,209,267712.7403675395,18380.35,17222.29,1462.68
2022-06-24,30-44,65,87081.9882206603,9138.5,8578.02,280.78
2022-06-24,45-59,25,28994.5776605162,3863.7,3564.25,0
2022-06-24,60-74,4,8003.9745614398,1221.1,1205.91,0
2022-06-24,8-14,152,178098.7025732597,9234.96,8843.84,2213.97
2022-06-24,Current,5595,7345707.373726248,6488.5,66323.41,92639.9
2022-06-25,1-7,269,287951.104762376,10719.34,10121.16,4569.16
2022-06-25,15-29,270,338034.5282289915,22463.16,20124.42,2196.59
2022-06-25,30-44,73,94531.4444262129,9908.51,8856.73,360.68
2022-06-25,45-59,28,33727.5419524026,4414.73,4115.28,0
2022-06-25,60-74,4,8011.2991673578,1260.94,1205.91,0
2022-06-25,8-14,179,191470.8737714296,7330.91,9265.78,3033.66
2022-06-25,Current,5476,7213098.93480433,3264.91,64080.21,91294.6
2022-06-26,1-7,270,294825.6512885958,10678.47,9617.55,4740.71
2022-06-26,15-29,237,296449.981026446,18817.13,17276.32,2083.95
2022-06-26,30-44,104,132809.6781853017,13061.34,11251.79,473.32
2022-06-26,45-59,30,38552.6790325656,4948.79,4544.4,0
2022-06-26,60-74,5,8565.7962725346,1337.62,1282.59,0
2022-06-26,8-14,183,195607.7629888881,7714.74,9836.51,3222.15
2022-06-26,Current,5457,7168173.471964956,3140.36,63960.33,91257.34
2022-06-27,1-7,265,281070.27898441,10370.06,10886.76,4378.65
2022-06-27,15-29,238,292782.6029907117,18891.19,17944.06,2133.08
2022-06-27,30-44,97,126546.1525986216,12212.25,11140.16,466.49
2022-06-27,45-59,36,44467.7017793249,5611.49,5200.86,6.83
2022-06-27,60-74,8,11624.1651318087,1817.92,1733.35,0
2022-06-27,8-14,175,184992.8533443103,7526.14,9564.46,3024.17
2022-06-27,Current,5498,7191449.510120127,3426.78,69562.59,94582.88
2022-06-28,1-7,260,270819.8177364623,9262.08,12113.28,4351.75
2022-06-28,15-29,250,311798.1783066855,19906.17,21870.05,2593.35
2022-06-28,30-44,103,135279.0732906921,12985.29,13128.68,466.49
2022-06-28,45-59,29,36915.7765920422,4528.63,4463.8,6.83
2022-06-28,60-74,15,19228.0552250442,2928.1,2888.26,0
2022-06-28,8-14,185,190388.4997312244,8055.95,10119.8,2802.4
2022-06-28,Current,5510,7205963.442184241,2825.1,84246.23,95955.5
2022-06-29,1-7,249,263537.909251595,9421.72,12498.72,3697.43
2022-06-29,15-29,259,316885.7187700107,20165.92,22301.66,2689.96
2022-06-29,30-44,108,142668.3907346819,14051.27,14140.96,466.49
2022-06-29,45-59,29,36950.0932936901,4571.4,4508.14,6.83
2022-06-29,60-74,13,17291.695000383,2592.29,2583.77,0
2022-06-29,75-90,2,1954.0084289661,344.33,344.33,0
2022-06-29,8-14,193,197098.5101909785,8678.35,11073.4,2756.11
2022-06-29,Current,5537,7229321.531276237,2472.48,86184.84,99821.56
2022-06-30,1-7,228,245614.0228296967,8285.57,11039.18,3558.93
2022-06-30,15-29,274,336812.1840428277,22004.12,23759.13,2868.76
2022-06-30,30-44,111,143744.5424800892,14309.5,14261.4,466.49
2022-06-30,45-59,30,38751.5632747945,4907.42,4757.9,6.83
2022-06-30,60-74,13,17307.5630308248,2671.92,2583.77,0
2022-06-30,75-90,2,1955.7886028292,344.33,344.33,0
2022-06-30,8-14,204,204429.5226587108,8985.63,11455.76,2874.38
2022-06-30,Current,5549,7225963.688719362,3489.5,87386.62,105407.03
2022-07-01,1-7,225,233794.3809230195,8757.05,9997.15,3543.6
2022-07-01,15-29,276,332636.3007836195,23376.36,23400.51,2738.66
2022-07-01,30-44,119,154078.7362087882,15989.5,15367.96,373.37
2022-07-01,45-59,29,38553.5408808225,5053.22,4729.41,6.83
2022-07-01,60-74,15,18752.362989216,3045.44,2813.99,0
2022-07-01,75-90,2,1957.5687766923,359.52,344.33,0
2022-07-01,8-14,199,205890.0141892482,11115.52,11642.25,2568.56
2022-07-01,Current,5557,7202691.403202076,8127.71,91537.05,127504.85
2022-07-02,1-7,269,266165.9999388843,9752.28,8839.96,5540.98
2022-07-02,15-29,340,384229.8171673859,26151.65,25707.31,3877.73
2022-07-02,30-44,128,172553.2290123449,17700.27,16308.23,417.97
2022-07-02,45-59,31,43328.2798750225,5594.93,5300.06,35.77
2022-07-02,60-74,16,19494.014027937,3197.68,2926.39,0
2022-07-02,75-90,2,1959.3489505554,359.52,344.33,0
2022-07-02,8-14,236,246332.1188708281,10524,12834.15,3064.88
2022-07-02,Current,5385,7015921.827658749,3434.87,87544.1,124414.27
2022-07-03,1-7,269,269452.592757353,9898.16,8852.31,5891.17
2022-07-03,15-29,289,328130.5576939685,21038.03,21919.79,3682.15
2022-07-03,30-44,178,227882.8630711755,22336.48,19822.19,732.44
2022-07-03,45-59,38,52358.5103250276,6660.23,6216.27,35.77
2022-07-03,60-74,16,19511.8641706529,3197.68,2926.39,0
2022-07-03,75-90,2,1961.1291244185,359.52,344.33,0
2022-07-03,8-14,236,246237.8074862777,10281.64,12700.21,3181.11
2022-07-03,Current,5361,6951686.464983176,5923.99,87023.04,130039.47
2022-07-04,1-7,299,303856.9549472743,12375.51,8828.3,6025.61
2022-07-04,15-29,288,325535.7108321384,21049.06,21837.07,3817.87
2022-07-04,30-44,160,208167.4550730017,19830.12,17647.4,677.34
2022-07-04,45-59,57,73247.2264294634,9245.04,8255.38,90.87
2022-07-04,60-74,17,22733.821984603,3646.96,3325.75,0
2022-07-04,75-90,2,1962.9092982816,359.52,344.33,0
2022-07-04,8-14,232,241175.5157432833,10417.85,12224.09,2883.69
2022-07-04,Current,5320,6881799.812709874,4066.21,87342.21,131574.25
2022-07-05,1-7,284,284226.1991314765,11573.29,8866.9,5445.4
2022-07-05,15-29,308,352820.3649392768,23180.05,23633.77,3927.66
2022-07-05,30-44,163,213989.6213497427,20679.51,18789.6,769.6
2022-07-05,45-59,52,67745.3616643596,8492.8,7775.29,90.87
2022-07-05,60-74,21,26467.5790109211,4124.3,3800.2,0
2022-07-05,75-90,3,3821.6309433835,707.46,692.27,0
2022-07-05,8-14,221,222531.6225284352,9536.87,11122.47,2574.71
2022-07-05,Current,5312,6864013.196061159,4734.62,93191.9,134444.21
2022-07-06,1-7,303,306052.4313719326,12303.36,13116.12,5897.55
2022-07-06,15-29,316,360885.3545487478,23836.42,26421.34,4089.43
2022-07-06,30-44,171,223852.1699846043,21935.52,21469.75,924.18
2022-07-06,45-59,52,67023.3115011536,8563.13,8298.6,61.93
2022-07-06,60-74,20,23843.3659495096,3646.22,3597.86,0
2022-07-06,75-90,4,6473.5553582099,1194.06,1194.06,0
2022-07-06,8-14,216,218912.7233006886,9586.02,11594.33,2647.84
2022-07-06,Current,5283,6830405.212047668,3798.84,114664.1,136432.32
2022-07-07,1-7,318,309043.1066894829,12341.68,18596.72,7081.67
2022-07-07,15-29,331,378647.0969197277,25339.87,27615.29,3917.35
2022-07-07,30-44,177,232862.2152763886,23033.91,23367.73,1176.58
2022-07-07,45-59,57,72090.0996672059,9402.56,9176.16,95.29
2022-07-07,60-74,19,21273.2788848117,3301.2,3199.46,0
2022-07-07,75-90,5,9071.3537763227,1632.3,1632.3,0
2022-07-07,8-14,205,209380.1646917963,9046.38,11106.24,2872.23
2022-07-07,Current,5254,6804497.726664247,3886.93,123571.61,140781.64
2022-07-08,1-7,309,314034.699729155,12755.28,17772.46,6979.11
2022-07-08,15-29,350,390041.7630625781,28210.37,28357.07,3892.79
2022-07-08,30-44,184,235653.2843651268,24531.63,24005.92,1391.5
2022-07-08,45-59,57,77197.8448401621,10253.28,9846.8,85.93
2022-07-08,60-74,21,25185.8865712167,4111.48,3812.03,0
2022-07-08,75-90,5,9079.556439638,1677.03,1632.3,0
2022-07-08,8-14,192,194915.852137064,10373.83,10040.42,2190.82
2022-07-08,Current,5225,6701563.951404721,7984.8,126439.81,157873.53
2022-07-09,1-7,302,324845.9211150332,11665.35,15323.89,9636.62
2022-07-09,15-29,414,445984.9121491341,31093.66,29963.24,4400.24
2022-07-09,30-44,199,255119.0991641555,26382.01,24425.04,1324.47
2022-07-09,45-59,61,86205.7278358379,11275.29,11083.24,300.36
2022-07-09,60-74,25,29398.5724113287,4720.42,4420.97,0
2022-07-09,75-90,5,9087.7591029533,1716.87,1632.3,0
2022-07-09,8-14,254,246754.8123388134,10139.49,14297.83,4993.32
2022-07-09,Current,5068,6505987.601936242,3841.97,120760.3,152832.75
2022-07-10,1-7,303,328751.1382926831,11620.44,15226.98,10063.5
2022-07-10,15-29,353,374958.5811685554,24388.94,24773.28,3960.37
2022-07-10,30-44,254,320488.3732348182,32245.89,28876.33,1919.56
2022-07-10,45-59,69,93759.138168737,12071.31,11600.92,380.26
2022-07-10,60-74,28,34197.3910080111,5532.09,5120.45,0
2022-07-10,75-90,5,9095.9617662686,1716.87,1632.3,0
2022-07-10,8-14,255,249730.2074744905,10475.8,14787.1,5206.72
2022-07-10,Current,5056,6467162.474945226,3961.38,119889.45,152342.52
2022-07-11,1-7,252,269431.4770060202,8704.52,12488.57,8989.27
2022-07-11,15-29,351,371806.0081885601,24296.28,25107.84,3911.92
2022-07-11,30-44,225,283919.8449007084,28152.12,26175.06,1930.28
2022-07-11,45-59,100,130666.0300306922,16274.4,15371.94,419.54
2022-07-11,60-74,30,39089.8312616271,6262.05,5899.29,0
2022-07-11,75-90,6,9658.9213036792,1810.59,1726.02,0
2022-07-11,8-14,294,286082.4071938741,13085.99,17522.66,5267.24
2022-07-11,Current,5056,6441017.942693076,3837.34,126042.88,156181
2022-07-12,1-7,261,296938.091463782,9230.46,17180.17,9455.07
2022-07-12,15-29,368,381401.5496379874,24902.68,27863.66,3834.56
2022-07-12,30-44,229,290894.0569226051,28817.47,29598.23,2314.6
2022-07-12,45-59,95,126295.0274278891,15558.99,15970.48,412.71
2022-07-12,60-74,35,44018.6789506219,6944.36,6767.34,6.83
2022-07-12,75-90,8,11783.6396319927,2178.59,2138.75,0
2022-07-12,8-14,283,270322.4232665367,12190.45,17213.25,5116.86
2022-07-12,Current,5026,6381748.882706867,3378.18,142579.28,157211.26
2022-07-13,1-7,258,268226.5523972101,7875.8,16273.69,8790.79
2022-07-13,15-29,372,388585.8929874765,25670.88,28951.52,4271.25
2022-07-13,30-44,232,295459.9730319511,29522.31,31250.14,2548.34
2022-07-13,45-59,99,130835.1728262322,16331.18,16629.77,354.83
2022-07-13,60-74,28,36360.5191715524,5640.77,5577.51,6.83
2022-07-13,75-90,15,19492.7782896177,3533.47,3524.95,0
2022-07-13,8-14,297,294639.059086312,13266.58,18469.46,5563.66
2022-07-13,Current,5003,6363589.230982438,3174.3,145119.62,158817.59
2022-07-14,1-7,249,252241.3828264308,7651.92,15281.95,8270.14
2022-07-14,15-29,372,390359.0518534045,25477.01,28797.23,4456.03
2022-07-14,30-44,238,298547.5916098454,30040.98,31313,2528.34
2022-07-14,45-59,106,141894.3274638353,17808.35,18011.28,399.83
2022-07-14,60-74,28,36393.849845803,5754.35,5604.83,6.83
2022-07-14,75-90,15,19510.4264939226,3613.1,3524.95,0
2022-07-14,8-14,290,289954.9075197121,13362.3,18570.95,5753.22
2022-07-14,Current,5005,6366699.767983913,3983.65,146301.53,161491.03
2022-07-15,1-7,231,218296.2360708118,7289.17,13695.78,7927.54
2022-07-15,15-29,380,393571.4784319628,27554.15,28624.72,4203.59
2022-07-15,30-44,250,321677.5894708525,34376.94,34150.57,2862.64
2022-07-15,45-59,108,139069.0763183488,18265.17,17696.71,354.83
2022-07-15,60-74,29,38219.0337858126,6232.8,5925.65,6.83
2022-07-15,75-90,13,17545.5834874518,3360.67,3129.22,0
2022-07-15,8-14,265,267522.2956552008,14246.99,16794.28,5125.91
2022-07-15,Current,5016,6325676.204173454,8738.89,151745.83,188611.7
2022-07-16,1-7,258,236455.731766737,7765.66,12295.06,9802.73
2022-07-16,15-29,486,497137.1995757426,33743.89,35059.48,6715.79
2022-07-16,30-44,251,318138.3462242291,33851.28,32991.42,2780.16
2022-07-16,45-59,118,154228.3007603202,19979.97,19485.74,441.65
2022-07-16,60-74,28,38016.9667074563,6154.81,5847.66,6.83
2022-07-16,75-90,15,19010.128644474,3666.55,3395.26,0
2022-07-16,8-14,280,275619.7798502182,11138.55,16829.27,6706.64
2022-07-16,Current,4849,6145571.82961059,5172,145858.87,183551.34
2022-07-17,1-7,258,235461.6824963655,8219.85,11025.96,8883.45
2022-07-17,15-29,423,440294.1987320755,28498.4,30949.29,6349.34
2022-07-17,30-44,308,359830.3326321499,37041.08,35450.55,3510.98
2022-07-17,45-59,128,174801.8437930481,22427.89,21565.02,515.19
2022-07-17,60-74,29,41016.4123917383,6525.32,6218.17,6.83
2022-07-17,75-90,16,19761.7661686755,3801.43,3530.14,0
2022-07-17,8-14,278,275127.8693283833,11132.33,16982.82,6930.11
2022-07-17,Current,4831,6101257.650276122,4937.29,146040.81,184624.49
2022-07-18,1-7,251,227827.4808349022,8227.75,11855.79,9376.91
2022-07-18,15-29,453,465946.09703494,30316.83,33263.58,6439.15
2022-07-18,30-44,261,309775.2249079101,31186.08,30360.41,3248.12
2022-07-18,45-59,178,230973.6639733103,29064.01,27467.73,911.93
2022-07-18,60-74,36,50169.5199983527,8076.17,7630.28,6.83
2022-07-18,75-90,16,19779.6163113914,3801.43,3609.77,0
2022-07-18,8-14,242,238220.3754682784,8957.73,14442.17,6489.63
2022-07-18,Current,4819,6049548.499395679,4623.2,150413.1,186923.64
2022-07-19,1-7,253,226480.6840845753,7746.63,15968.73,10076.19
2022-07-19,15-29,465,466861.9605037782,30553.55,36005.19,6114.11
2022-07-19,30-44,266,316203.4252368142,32043.08,33807.16,3481.55
2022-07-19,45-59,162,211642.4976350326,26273.67,26839.51,866.19
2022-07-19,60-74,53,70685.5634530438,11204.78,10823.73,52.57
2022-07-19,75-90,17,23045.9453582185,4350.55,4310.71,0
2022-07-19,8-14,241,246180.3881947785,9587.75,15581.9,6903.41
2022-07-19,Current,4791,6003291.175100318,3621.68,172179.03,188916.19
2022-07-20,1-7,264,233747.0058070333,7551.94,17455.77,10220.72
2022-07-20,15-29,462,472603.3811924428,31264.07,36127.39,6223.81
2022-07-20,30-44,281,333660.579412698,34297.01,36617.77,3575.44
2022-07-20,45-59,166,219081.3910496031,27603.35,27985.6,1070.37
2022-07-20,60-74,48,65103.5444419304,10515.46,10077.56,52.57
2022-07-20,75-90,22,28713.4881754369,5357.56,5349.04,0
2022-07-20,8-14,227,218771.6196450608,8038.94,14610.56,7055.39
2022-07-20,Current,4774,5978066.53367498,5408.74,174635.51,192032.27
2022-07-21,1-7,277,255038.18928855,9194.94,17998.6,10804.11
2022-07-21,15-29,463,472552.0153482752,31534.14,36493.7,6362.29
2022-07-21,30-44,286,337689.606301437,35473.75,37047.93,3582.91
2022-07-21,45-59,172,225952.2021082931,28931.63,29131.98,1137.09
2022-07-21,60-74,49,66214.3179191726,10844.84,10399.16,52.57
2022-07-21,75-90,21,26855.6184974475,5044.85,4943.11,0
2022-07-21,8-14,218,209986.8178236783,8319.03,14656.14,7237.94
2022-07-21,Current,4755,5947663.278917686,4547.36,174903.02,197168.56
2022-07-22,1-7,269,256583.8477762407,9684.18,18878.76,11467.29
2022-07-22,15-29,462,470116.1737235243,33209.4,35981.63,6511.26
2022-07-22,30-44,303,358198.681264105,40321.23,39497.15,3471.45
2022-07-22,45-59,174,229785.8682441247,30672.48,30083.29,1231.2
2022-07-22,60-74,53,71131.0802011104,11882.69,11422.72,79.1
2022-07-22,75-90,20,24193.1317965832,4683.38,4383.93,0
2022-07-22,8-14,189,174196.8500204792,9385.64,12310.92,5741.59
2022-07-22,Current,4759,5887587.471615295,7869.1,180522.52,217675.73
2022-07-23,1-7,292,280599.0506063789,9885.46,15567.17,11730.98
2022-07-23,15-29,528,535679.071980913,36734.21,40052.43,9252.35
2022-07-23,30-44,326,375880.915616502,42065.6,40045.15,3492.47
2022-07-23,45-59,179,230650.9730743114,30588.12,29999.72,1314.44
2022-07-23,60-74,55,76972.1477497609,12812.81,12166.75,79.1
2022-07-23,75-90,21,25532.2726713417,4890.32,4590.87,0
2022-07-23,8-14,225,202262.7799920797,7852.8,15161.3,8242.3
2022-07-23,Current,4589,5692130.852480859,4605.64,174979.61,214007.95
2022-07-24,1-7,295,285883.6729792571,10443.68,15283.45,11860.94
2022-07-24,15-29,449,452263.9017719256,29185.64,34488.45,9147.45
2022-07-24,30-44,383,426453.8523951051,45530.09,42183.01,3880.47
2022-07-24,45-59,198,256413.6890338137,33610.89,32319.57,1450.43
2022-07-24,60-74,58,84281.1509669558,13825.79,13213.46,235.65
2022-07-24,75-90,25,29802.5671621412,5689.33,5389.88,0
2022-07-24,8-14,228,207204.9531888614,8000.55,15341.31,8304.58
2022-07-24,Current,4572,5646754.83694428,4429.38,174343.87,213631.64
2022-07-25,1-7,291,282744.5480405821,10345.79,16236.34,11915.85
2022-07-25,15-29,455,452319.3526920628,29645.86,35306.55,9259.75
2022-07-25,30-44,311,338718.4321782566,35066.24,33255.98,2896.28
2022-07-25,45-59,262,338919.4378455591,43594.92,41979.19,2414.95
2022-07-25,60-74,66,91937.5647390261,15137.82,14517.43,315.55
2022-07-25,75-90,28,34667.2400636196,6581.6,6331.03,0
2022-07-25,8-14,222,206788.1043847717,8018.77,15816.03,8805.69
2022-07-25,Current,4556,5609550.718887693,3946.78,178989.32,215191.87
2022-07-26,1-7,305,295936.7650532131,10230.02,20314.55,12532.6
2022-07-26,15-29,465,463770.7359725423,30246.91,38837.32,9514.19
2022-07-26,30-44,319,341835.9419476315,35811.48,36723.62,2940.44
2022-07-26,45-59,228,298994.797116542,37735.19,39547.03,2375.95
2022-07-26,60-74,99,130651.5860223888,20590.4,20557.54,368.49
2022-07-26,75-90,31,40189.3247396204,7556.86,7485.2,0
2022-07-26,8-14,216,192655.4447654992,7573.76,15384.51,8020.86
2022-07-26,Current,4519,5575246.470746377,3414.87,198889.03,217760.49
2022-07-27,1-7,297,297860.559549702,10295.97,21880.84,12380.23
2022-07-27,15-29,465,458741.0165658244,30057.71,38694.37,9472.64
2022-07-27,30-44,332,359434.8307345556,38246.38,40451.28,3494.21
2022-07-27,45-59,227,297764.9808697515,37860.55,39715.9,2375.95
2022-07-27,60-74,95,126435.4100443095,19812.33,20297.74,368.49
2022-07-27,75-90,36,46549.9192166417,8689.07,8618.98,0
2022-07-27,8-14,216,191654.4345136206,7422.22,15165.19,7928.77
2022-07-27,Current,4511,5556354.044327073,3377.95,202732.69,222322.93
2022-07-28,1-7,285,291767.8313489409,9411.62,19943.6,11732.85
2022-07-28,15-29,462,452886.7196807031,30202.82,38559.58,9595.74
2022-07-28,30-44,334,363490.7288847279,38947.85,40698.5,3346.63
2022-07-28,45-59,232,305900.5716959383,39280.5,41130.65,2712.84
2022-07-28,60-74,98,131059.4338786518,20767.27,20919.63,368.49
2022-07-28,75-90,34,44445.2080645779,8369.71,8213.36,0
2022-07-28,8-14,228,204622.172474547,8447.49,16127.95,8314.27
2022-07-28,Current,4503,5537008.676998701,3769.36,204113.52,227760.38
2022-07-29,1-7,279,293152.7474247915,10473.25,21039.39,12913.13
2022-07-29,15-29,449,432810.1137919488,30830.99,36198.12,8792.77
2022-07-29,30-44,342,374879.9715334508,41956.52,42742.94,3886.44
2022-07-29,45-59,236,306621.7649347564,41328.43,41207.21,2585.01
2022-07-29,60-74,102,135779.6412071138,22499.74,21711.74,368.49
2022-07-29,75-90,27,36674.584968513,6987.57,6673.59,0
2022-07-29,8-14,210,188359.6014500384,9577.11,13926.39,6734.25
2022-07-29,Current,4523,5533405.539746947,8707.44,211591.32,252999.92
2022-07-30,1-7,308,343544.5968722984,11037.04,21197.25,17114.67
2022-07-30,15-29,526,498467.1660655472,34002.8,41376.05,12692.19
2022-07-30,30-44,359,384068.9642988699,42576.42,42204.99,4078.59
2022-07-30,45-59,248,330444.9338147819,44180.47,44098.84,2716.9
2022-07-30,60-74,105,135724.7615992891,22438.24,21614.27,368.49
2022-07-30,75-90,28,38524.2707131785,7321.23,7007.25,0
2022-07-30,8-14,238,228869.9653376719,9046.9,16267.78,8252.23
2022-07-30,Current,4346,5303979.249587626,4367.16,201324.27,245184.77
2022-07-31,1-7,305,337474.8850101562,10858.13,19538.47,16495.53
2022-07-31,15-29,421,403212.6133276705,26113.56,33105.88,10771.51
2022-07-31,30-44,452,465164.4595775596,48588.64,48533.83,5916.28
2022-07-31,45-59,255,334837.0349160307,44376.18,43907.09,2652.82
2022-07-31,60-74,115,151089.9317070112,24641.22,23874.96,455.31
2022-07-31,75-90,29,39787.3691214,7546.89,7232.91,0
2022-07-31,8-14,240,234869.2251701643,9130.08,17002.05,8699.82
2022-07-31,Current,4325,5260279.166684793,4144.87,201895.51,246509.86
2022-08-01,1-7,290,312398.4181698067,10336.19,19150.78,15056.67
2022-08-01,15-29,418,400721.5549225807,25977.37,32643.95,9990.47
2022-08-01,30-44,392,410908.8460763642,43731.19,43613.51,5683.34
2022-08-01,45-59,315,378015.0829494962,49511.29,48383.63,3293.4
2022-08-01,60-74,124,171223.9746583572,27493.49,26931.35,528.85
2022-08-01,75-90,29,42103.3327053253,8048.08,7726.87,0
2022-08-01,8-14,237,228193.2668664694,8901.9,16993.76,9036.94
2022-08-01,Current,4320,5249312.804191331,8847.15,208356.58,255735.94
2022-08-02,1-7,314,355301.0492134177,13377.4,23545.37,15596.97
2022-08-02,15-29,391,369496.866924064,24244.28,33345.85,10257.27
2022-08-02,30-44,431,444820.9057936474,46134.62,47886.93,5547.32
2022-08-02,45-59,267,322187.6942525916,41055.04,43329.85,3102.22
2022-08-02,60-74,174,230849.1366003597,36814.37,37040.71,926.86
2022-08-02,75-90,35,50637.3775237993,9603.78,9409.93,0
2022-08-02,8-14,244,241900.0640562678,9335.38,18861.23,10072
2022-08-02,Current,4247,5133740.799725494,5064.86,229310.1,257417.56
2022-08-03,1-7,316,362212.239837027,14381.66,28391.06,15785.05
2022-08-03,15-29,397,377462.8821517401,25174.64,34546.89,10683.74
2022-08-03,30-44,423,437455.0189693451,48078.28,50221.46,5335.87
2022-08-03,45-59,268,322112.3091441969,41435.94,44042.38,3381.7
2022-08-03,60-74,158,212262.7707521606,33760.18,33667.77,794.3
2022-08-03,75-90,52,73053.9465128127,13757.71,13597.8,45.74
2022-08-03,8-14,247,243890.5208002468,9440.2,19309.64,10420.82
2022-08-03,Current,4240,5108836.750230107,9999.77,240632.64,271733.65
2022-08-04,1-7,379,443029.8057610287,19760.29,33302.68,21178.51
2022-08-04,15-29,398,365613.7815512502,24720.91,33777.24,10932.73
2022-08-04,30-44,418,433339.6741053492,46781,49564.19,5827.74
2022-08-04,45-59,284,342748.9328294811,44830.11,46850.79,3419.78
2022-08-04,60-74,161,218538.296676099,35013.74,35310.47,998.48
2022-08-04,75-90,50,68464.3309136546,13008.87,12774.2,45.74
2022-08-04,8-14,234,238646.2946353083,9636.53,18406.36,9604.01
2022-08-04,Current,4174,5015320.977478458,4310.59,240087.47,278534.44
2022-08-05,1-7,357,408016.504170541,18972.78,35121.16,19998.36
2022-08-05,15-29,384,349284.728478292,25831.15,31088.68,9537.09
2022-08-05,30-44,429,441587.2184648161,50684.78,53220.67,6171.39
2022-08-05,45-59,284,341766.8389861858,47280.92,47102.36,3452.04
2022-08-05,60-74,166,225408.8547879517,37555.25,36656.48,1051.54
2022-08-05,75-90,46,63862.8617964703,12327.46,11945.56,45.74
2022-08-05,8-14,219,234656.4073370691,12537.22,18780.06,9763.38
2022-08-05,Current,4185,4987046.380894303,8338.65,260126.63,305303.29
2022-08-06,1-7,360,415027.7343236438,17987.78,34735.9,23819.05
2022-08-06,15-29,460,434979.587047107,30674.95,37689.14,13786.52
2022-08-06,30-44,438,446362.2694943987,50225.1,52345.17,6555.67
2022-08-06,45-59,300,361335.3902317426,49561.78,49311.31,3406.51
2022-08-06,60-74,167,226741.8477753186,37705.11,36690.93,1131.99
2022-08-06,75-90,51,69063.9278932871,13307.22,12958.68,79.1
2022-08-06,8-14,247,265392.3207117522,10215.27,20921.97,11959.02
2022-08-06,Current,4029,4788544.561375326,5013.32,249388.5,295479.91
2022-08-07,1-7,364,419928.851173842,18015.26,34203.32,24147.61
2022-08-07,15-29,385,367792.8156564136,24280.03,32544.16,13128.95
2022-08-07,30-44,486,496874.9299817575,53525.54,54858.54,7455.56
2022-08-07,45-59,326,380042.3850236614,51589.07,50901.41,3528.36
2022-08-07,60-74,174,232006.0210723568,38172,37353.79,1371.94
2022-08-07,75-90,55,78982.6974522343,15143.58,14795.04,79.1
2022-08-07,8-14,244,262015.1125195264,10221.15,20812.15,11831.46
2022-08-07,Current,4004,4731775.003643915,4418.01,248573.19,295388.76
2022-08-08,1-7,355,398457.750653041,17677.75,33547.62,22719.93
2022-08-08,15-29,378,362020.2485688413,24058.1,32308.8,12796.5
2022-08-08,30-44,405,409874.9141302491,42824.51,46053.71,6976.63
2022-08-08,45-59,391,442482.6574744241,58492.83,57537.51,4344.21
2022-08-08,60-74,190,255137.4818215014,41342.88,40843.78,1488.18
2022-08-08,75-90,60,86693.5086501556,16524.92,16416.65,235.65
2022-08-08,8-14,243,259330.0281274133,10347.85,20651.83,11538.68
2022-08-08,Current,3983,4678240.759951847,3920.46,257490.96,300187.18
2022-08-09,1-7,313,357236.8426956733,14234.19,33234.23,20718.53
2022-08-09,15-29,400,376104.3507036149,24675.68,37451.85,13970.09
2022-08-09,30-44,408,408568.3140634471,42715.32,48466.12,6805.95
2022-08-09,45-59,323,356520.1519847837,45669.73,48493.22,3392.26
2022-08-09,60-74,255,338785.688635986,54315.61,55702.45,2478.03
2022-08-09,75-90,65,92903.9242909506,17482.97,17781.23,315.55
2022-08-09,8-14,267,299929.730285888,13576.29,24738.43,11522.12
2022-08-09,Current,3958,4621059.004647309,3169.29,279086.75,302294.59
2022-08-10,1-7,296,339394.5727599971,13170.67,32437.74,20280.78
2022-08-10,15-29,393,374748.8162118056,24257.43,37724.65,14210.53
2022-08-10,30-44,425,427787.2889138716,45172.77,51429.63,7655.62
2022-08-10,45-59,324,353494.3588052723,45594.58,48058.36,3246.06
2022-08-10,60-74,222,298325.1712246396,47589.12,48787.51,2438.75
2022-08-10,75-90,96,131641.9601066536,24295.42,24629.36,354.83
2022-08-10,8-14,274,315544.5215322227,14716.63,26810.67,12400.39
2022-08-10,Current,3952,4599310.955055245,2959.94,281005.33,304655.25
2022-08-11,1-7,247,273684.5706106032,8290.78,26531.42,19301.89
2022-08-11,15-29,402,385875.1945420787,25411.56,38623.95,14161.77
2022-08-11,30-44,415,414257.1855025222,44045.62,49980.98,7532.77
2022-08-11,45-59,335,368854.9444442129,47830.89,50679.11,3630.4
2022-08-11,60-74,221,297045.4743020262,47877.11,49125.16,2463.75
2022-08-11,75-90,96,130144.9794065761,24063.23,24278.32,354.83
2022-08-11,8-14,327,381921.5215934066,19938.76,34078.02,15032.06
2022-08-11,Current,3933,4574682.237922364,4111.83,280839.02,308405.83
2022-08-12,1-7,220,235540.3954506132,9144.82,21479.87,14904.41
2022-08-12,15-29,405,392444.7374772599,27727.76,37580.52,13499.87
2022-08-12,30-44,415,408123.1751424429,44994.4,49796.11,7613.56
2022-08-12,45-59,333,371942.7356731941,50233.92,51515.76,3714.65
2022-08-12,60-74,221,295021.5927956387,49233.19,48968,2424.13
2022-08-12,75-90,94,129032.7281291219,24538.51,24075.61,354.83
2022-08-12,8-14,303,357034.2338424193,21652.52,33006.06,14832.91
2022-08-12,Current,3955,4541784.417645379,7120.26,291737.99,341386.21
2022-08-13,1-7,276,282136.4072030636,9272.81,24555.58,21724.59
2022-08-13,15-29,490,492699.3533882412,33591.83,45771.33,18885.81
2022-08-13,30-44,423,411893.8015120214,45203.01,49308.05,7649.62
2022-08-13,45-59,339,374913.7035730585,50111.54,51539.96,3892.85
2022-08-13,60-74,227,300171.394751871,50174.44,49515.73,2496.12
2022-08-13,75-90,100,137537.3461284116,26114.44,25583.59,354.83
2022-08-13,8-14,292,353154.072230212,17904.34,33030.39,16109.76
2022-08-13,Current,3788,4342438.194758461,3505.71,278855.29,328450.19
2022-08-14,1-7,271,278209.9145953688,9158.22,24035.75,21747.62
2022-08-14,15-29,400,424012.6806652706,27553.76,38873.47,16484.08
2022-08-14,30-44,489,460240.9930063974,48507.35,53584.28,10202.37
2022-08-14,45-59,351,379364.1002586729,50162.26,51290.59,4046.44
2022-08-14,60-74,240,325413.8851886529,53719.67,53114.59,2628.01
2022-08-14,75-90,104,139321.5738971079,26403.69,25872.84,354.83
2022-08-14,8-14,294,351949.9825483,17853.88,32574.86,15755.06
2022-08-14,Current,3776,4311909.5940010045,3291.74,278813.54,329971.88
2022-08-15,1-7,257,265937.0958140851,9062.03,23472.92,19755
2022-08-15,15-29,392,414580.6610245436,27026.21,38478.17,16027.24
2022-08-15,30-44,385,370655.7774558145,38146.22,43002.38,8750.58
2022-08-15,45-59,442,448822.9316590732,59046.88,60212.35,5563.38
2022-08-15,60-74,248,332109.8770058108,55038.74,54164.87,2650.75
2022-08-15,75-90,112,151598.157682875,28612.35,28095.56,354.83
2022-08-15,8-14,293,347920.0350747089,17650.17,32419.4,15748.48
2022-08-15,Current,3781,4294649.150463224,4351.31,288210.77,339920.75
2022-08-16,1-7,284,288460.1276421746,10057.57,29035.64,22201
2022-08-16,15-29,425,463503.0869490058,30401.44,45811.98,16485.74
2022-08-16,30-44,392,374811.1128449775,39340.31,45522.5,8774.4
2022-08-16,45-59,376,387547.0150772313,49949.63,53851.52,4882.14
2022-08-16,60-74,304,370087.5233989171,60497.98,61907.34,3340.43
2022-08-16,75-90,122,174561.03375823,32985.99,33031.17,428.37
2022-08-16,8-14,256,298863.1936085094,14331.54,29658.15,15628.95
2022-08-16,Current,3746,4241390.411008654,3658.35,310639.15,340606.68
2022-08-17,1-7,276,286266.6707524745,10328.61,29927.38,21213.33
2022-08-17,15-29,431,483182.5269164449,32055.38,48394.94,17313.68
2022-08-17,30-44,364,341578.5364543563,34948.52,41819.47,8331.6
2022-08-17,45-59,404,415707.636952928,54313.54,58328.63,4827.93
2022-08-17,60-74,255,311754.6027699304,50455.7,52274.55,3112.58
2022-08-17,75-90,176,238929.3814443993,44758.58,45024.18,775.11
2022-08-17,8-14,258,288136.7896786077,13936.27,29050.87,15839.8
2022-08-17,Current,3737,4224369.172716797,2958.41,317917.18,345959.49
2022-08-18,1-7,277,284584.4761651589,9731.07,29368.84,21173.63
2022-08-18,15-29,485,549879.9216761749,37274.09,54399.7,18817.29
2022-08-18,30-44,361,340569.9533005753,35822.91,43270.99,8979.39
2022-08-18,45-59,406,416104.9407384693,54900.07,58343.77,4660.73
2022-08-18,60-74,255,310047.7583297269,51460.29,52581.83,3248.3
2022-08-18,75-90,171,234059.8935323194,44059.93,44133.29,775.11
2022-08-18,8-14,199,213184.0191129216,8914.15,22466.9,14412.8
2022-08-18,Current,3724,4202094.431390536,2879,320792.51,354874.13
2022-08-19,1-7,257,256330.2634535768,8967.55,27065.61,20532.3
2022-08-19,15-29,470,535772.1879855228,39108.12,52105.05,17571.94
2022-08-19,30-44,372,339556.1068333847,37037.2,43523.91,10224.41
2022-08-19,45-59,399,414545.0822949555,56875.22,58079.89,4655.11
2022-08-19,60-74,270,331314.8316709441,57006.52,56244.6,3190.65
2022-08-19,75-90,158,219016.0962563981,42090.44,41263.59,939.27
2022-08-19,8-14,173,196365.4158356735,10572.83,21398.75,13164.37
2022-08-19,Current,3750,4177448.2606591918,7513.04,327934.78,380311.07
2022-08-20,1-7,337,322619.4469604304,9743.11,27003.67,23669.63
2022-08-20,15-29,521,605979.5531741342,42847.8,59508.95,24500.05
2022-08-20,30-44,372,342903.1580691878,37900.78,42605.15,9701.06
2022-08-20,45-59,407,417925.4608431666,57159.78,58527.06,5000.84
2022-08-20,60-74,271,331093.7793961821,57215.44,55959.67,3290.57
2022-08-20,75-90,166,227879.7072284619,43949.88,42925.83,1005.99
2022-08-20,8-14,224,227766.9261113567,9440.15,24295.98,15946.21
2022-08-20,Current,3543,3949169.4981939113,3849.34,316789.87,371919.73
2022-08-21,1-7,348,328806.3221317506,10292.73,27264.9,24179.76
2022-08-21,15-29,435,515008.3139474312,34403.59,50889.15,21861.32
2022-08-21,30-44,435,419930.9396993525,44536.74,49759.42,12566.22
2022-08-21,45-59,418,422156.7880802228,57050.39,57947.71,5325.79
2022-08-21,60-74,286,347819.0714631465,59592.41,58097.5,3245.04
2022-08-21,75-90,171,233361.7046634041,44914.52,43960.3,1119.8
2022-08-21,8-14,214,221688.2631088492,8864.96,23387.06,15535.02
2022-08-21,Current,3505,3862508.744922709,3297.87,316099.69,372170.65
2022-08-22,1-7,330,304034.1881076455,9442.49,25372.04,21450.7
2022-08-22,15-29,425,497942.2692905723,33293.37,50243.12,21591.42
2022-08-22,30-44,352,349723.0084053581,35752.05,42575.16,11898.13
2022-08-22,45-59,474,476880.7109192895,63310.65,64033.76,6428.12
2022-08-22,60-74,310,364897.4197835301,62031.66,61220.71,3202.39
2022-08-22,75-90,177,243450.1582200224,46804.4,46292.18,1351.39
2022-08-22,8-14,216,224718.1808468959,9039.57,24064.96,16140.75
2022-08-22,Current,3507,3859337.5069455043,4153.69,327315.84,376982.46
2022-08-23,1-7,330,293615.6154885254,8653.76,26796.43,19736.17
2022-08-23,15-29,427,497601.6359972758,33126.94,52679.94,21830.57
2022-08-23,30-44,355,350106.8141421947,36459.35,45094.39,11616.2
2022-08-23,45-59,388,384732.156874448,49616.96,54711.01,5925.78
2022-08-23,60-74,375,425635.9303322576,71058.93,72411.21,3885.78
2022-08-23,75-90,196,268708.6015082776,51258.09,52367.76,1624.18
2022-08-23,8-14,232,240881.8358024848,9969.28,26693.27,17182.61
2022-08-23,Current,3475,3824246.64812668,4016.58,352268.45,381121.6
2022-08-24,1-7,341,300063.4987934356,9131.76,27788.97,19963.29
2022-08-24,15-29,435,508684.0843985066,33990.91,55052.39,23388.11
2022-08-24,30-44,357,349927.3994450713,36079.2,46368.32,11757.71
2022-08-24,45-59,392,388920.4988789769,50455.68,55566.41,5830.06
2022-08-24,60-74,311,345101.503949318,57070.53,58385.43,3140.56
2022-08-24,75-90,257,343567.1419470276,64913.91,66901.09,2330.65
2022-08-24,8-14,222,233420.2929649788,9755.19,25435.06,16154.34
2022-08-24,Current,3449,3799040.887324501,3202.61,357561.05,384933.28
2022-08-25,1-7,339,310430.1722367913,10045.24,29551.16,20532.54
2022-08-25,15-29,443,519764.9555265181,34794.26,56891.24,24895.68
2022-08-25,30-44,351,341813.3476074724,35191.78,45584.32,11730.71
2022-08-25,45-59,398,397391.286380561,52107.17,56879.09,6016.36
2022-08-25,60-74,315,350588.0898777348,58764.97,60633.67,3287.64
2022-08-25,75-90,249,334842.9464470611,63467.85,64828.35,2177.21
2022-08-25,8-14,210,213505.9294485002,8701.56,22715.03,14534.07
2022-08-25,Current,3449,3787074.470601747,3539.18,359628.42,392340.22
2022-08-26,1-7,318,284716.8661211119,10526.41,25911.07,17934.05
2022-08-26,15-29,443,518487.7158498131,38015.16,55780.42,23570.79
2022-08-26,30-44,350,346009.0209649924,37374.83,46017.65,11584.09
2022-08-26,45-59,392,386601.5679239012,52369.85,55620.6,6059.43
2022-08-26,60-74,324,365731.575514205,63034.72,63769.13,3561.6
2022-08-26,75-90,217,292263.4726569735,56755.44,56305.31,2100.25
2022-08-26,8-14,196,191447.8161770328,9178.8,20907.73,14050.03
2022-08-26,Current,3474,3783285.5684355837,7850.48,370147.14,426143.3
2022-08-27,1-7,346,322969.6571916804,10990.69,28854.03,24277.16
2022-08-27,15-29,493,564405.194631099,39943.16,60300.98,27771.54
2022-08-27,30-44,368,372705.295669756,39625.22,47588.86,11928.3
2022-08-27,45-59,398,386696.8605033683,52254.87,55605.99,6295.54
2022-08-27,60-74,323,364751.4274827389,62829.16,63503.66,3806.91
2022-08-27,75-90,222,297882.6603882534,57882.29,57351.51,2111.9
2022-08-27,8-14,291,259281.2335012585,9611.64,26013.24,17949
2022-08-27,Current,3256,3584109.1261629034,3499.34,354717.37,413196.19
2022-08-28,1-7,350,331120.8637605764,10946.25,27769.5,24277.14
2022-08-28,15-29,389,453153.8045889982,29779.3,47686.14,21070.64
2022-08-28,30-44,446,465375.4785536075,48131.03,57659.18,18272.14
2022-08-28,45-59,408,393037.3603087885,52720.87,55674.61,6534.08
2022-08-28,60-74,329,369978.8740150254,63392.13,63976.94,3957.86
2022-08-28,75-90,229,303402.0820837468,58763.32,58225.28,2136.9
2022-08-28,8-14,297,267900.6313830601,10311.35,27361.66,18559.15
2022-08-28,Current,3239,3561095.3190410724,3060.98,354311.9,413652.72
2022-08-29,1-7,337,310211.8771839044,10519.91,26600.19,22107.33
2022-08-29,15-29,391,455586.2450530434,29959.3,49042.16,22130.92
2022-08-29,30-44,354,394022.4505074752,39562.43,48184.79,15494.86
2022-08-29,45-59,475,442416.8521971615,58083.35,63254.75,9273.27
2022-08-29,60-74,341,374405.3995739367,63482.91,64390.65,3999.7
2022-08-29,75-90,240,322109.6782304738,62002.62,61897.18,2318.79
2022-08-29,8-14,297,265975.3164477329,10259.93,27237.44,18404.88
2022-08-29,Current,3241,3570150.9567845715,2702.94,361689.21,417794.44
2022-08-30,1-7,336,309012.3624818312,9516.73,29156.2,21316.78
2022-08-30,15-29,420,486052.1681255013,32057.28,56063.78,24998.37
2022-08-30,30-44,345,383406.0883486267,39271.85,49453.33,13194.76
2022-08-30,45-59,381,368263.4229795951,47473.04,55051.81,8664.23
2022-08-30,60-74,429,438544.6927478973,72690.4,76011.13,5012.51
2022-08-30,75-90,254,343700.4045178083,66134.97,68095.11,2488.61
2022-08-30,8-14,297,267845.4117065268,10389.94,27677.18,17744.56
2022-08-30,Current,3202,3524353.520247322,3822.84,387603.27,422679.39
2022-08-31,1-7,349,325163.3228976884,10343.19,29431.25,21524.29
2022-08-31,15-29,391,434820.8860876998,29003.76,50939.65,23174.23
2022-08-31,30-44,386,434487.8939859128,43335.35,56173.45,14312.29
2022-08-31,45-59,375,358336.5223259001,46521.13,53815.95,8385.95
2022-08-31,60-74,363,374698.1958140989,61464.01,64453.6,4310.53
2022-08-31,75-90,315,400888.356589206,76590.05,79372.1,3496.93
2022-08-31,8-14,301,271919.3118403654,10983.07,27929.02,17559.35
2022-08-31,Current,3173,3502915.4622848667,2538.16,395339.9,430487.64
2022-09-01,1-7,345,328541.4709944591,10412.71,30255.59,21118.83
2022-09-01,15-29,386,417068.0474640094,27946.29,48772.46,22502.98
2022-09-01,30-44,389,447294.8378066074,47665.8,58579.23,15221.02
2022-09-01,45-59,347,329063.5646407019,43355.64,50383.34,8564.1
2022-09-01,60-74,393,404113.5488750876,66946.71,68536.26,4216.13
2022-09-01,75-90,311,387365.9180446521,74799.73,76890.23,3615.82
2022-09-01,8-14,295,270160.3704248916,11455.19,27273.17,16819.04
2022-09-01,Current,3176,3485244.473188761,8291.18,401457.49,448531.06
2022-09-02,1-7,372,381571.2039679936,15523.34,34793.43,26696.71
2022-09-02,15-29,340,365590.6118192872,26536.2,43731.4,21350.38
2022-09-02,30-44,451,519533.3931198942,57085.86,66495.92,17508.42
2022-09-02,45-59,346,329346.4133644889,45906.01,51194.16,8972.3
2022-09-02,60-74,395,402498.2325603071,69482.47,69106.23,4376.26
2022-09-02,75-90,255,316594.0560064447,62755.94,62246.51,3085.4
2022-09-02,8-14,259,232088.5072758608,12153.7,21411.12,12242.79
2022-09-02,Current,3165,3424567.1615786236,7876.51,407287.83,476810.57
2022-09-03,1-7,416,439387.2471824252,16925.25,36043.15,30764.01
2022-09-03,15-29,453,457389.9569264924,31244.86,50135.34,25416.16
2022-09-03,30-44,441,514025.2757957332,60199.05,64769.5,17123.85
2022-09-03,45-59,354,320054.8750968749,44229.73,49606.48,9242.61
2022-09-03,60-74,386,400160.3584382701,69963.9,67538,4415.61
2022-09-03,75-90,273,341057.8052762803,67292.54,66958.78,3287.45
2022-09-03,8-14,277,252367.3854281542,10220.53,26990.01,18175.46
2022-09-03,Current,2980,3228871.0254994296,7376.74,393301.02,480479.75
2022-09-04,1-7,467,486956.1688643832,20297.45,36868.07,32777.5
2022-09-04,15-29,396,389377.5352000909,24556.96,41150.08,21042.72
2022-09-04,30-44,493,585405.8460635889,66393.95,74140.73,22285.91
2022-09-04,45-59,356,324930.0762550213,44482.21,49378.52,9347.93
2022-09-04,60-74,393,404529.2699721631,70300.68,67905.33,4571.44
2022-09-04,75-90,278,343231.448709833,67649.81,67151.67,3155.93
2022-09-04,8-14,278,250791.8111077634,9911.45,26583.91,18013.63
2022-09-04,Current,2915,3164837.846875543,3336.49,390452.61,478798.32
2022-09-05,1-7,463,484039.629997566,20467.83,36506.08,32759.09
2022-09-05,15-29,395,385316.9738512128,24354.93,41317.17,21606.61
2022-09-05,30-44,409,496772.3462227804,55484.93,62939.03,19949.19
2022-09-05,45-59,413,396533.2186514457,52981.97,57670.62,11511.8
2022-09-05,60-74,402,403223.424115586,70076.64,66418.5,4829.02
2022-09-05,75-90,292,360982.9158599243,70803.03,70179.47,3157.49
2022-09-05,8-14,275,244086.4526431989,9761.73,25898.16,17594.45
2022-09-05,Current,2917,3167028.9106572764,4165.53,390685.78,482292.09
2022-09-06,1-7,462,492655.2234368661,20717.65,44879.5,35328.93
2022-09-06,15-29,403,392077.3777274124,24849.18,42784.92,22029.46
2022-09-06,30-44,399,482975.5079041051,54283.99,64570.06,19705.92
2022-09-06,45-59,332,329090.2457624306,42429.85,49208.4,10766.54
2022-09-06,60-74,456,456273.1344989255,77316.9,74846.91,6010.95
2022-09-06,75-90,320,385913.2959726008,75631.91,75744.07,3175.79
2022-09-06,8-14,272,241206.7592513779,9573.43,25652.76,17728.86
2022-09-06,Current,2912,3146882.2146142214,2867.18,403178.57,480241.22
2022-09-07,1-7,421,431727.6859917774,18047.19,43166.86,31456.2
2022-09-07,15-29,412,400039.2371369624,25535.73,46620.27,22494.38
2022-09-07,30-44,397,478983.8264597905,53757.68,67431.45,19608.11
2022-09-07,45-59,337,337411.5228648291,43751.69,53513.61,11192.91
2022-09-07,60-74,372,365949.2512370503,61085.61,62470.05,5334.07
2022-09-07,75-90,394,465443.895301182,89997.1,93151.53,4062.55
2022-09-07,8-14,294,271915.8992529803,10965.34,27641.46,17753.9
2022-09-07,Current,2916,3157908.29973697,3460.89,434042.86,487341.45
2022-09-08,1-7,412,418485.8770533452,16988.84,48757.09,32914.71
2022-09-08,15-29,432,420995.4423139748,27065.04,49468.53,24025.37
2022-09-08,30-44,395,479287.0690280693,53841.46,72896.12,20275.59
2022-09-08,45-59,334,335662.7657905365,43841.71,53697.3,10898.72
2022-09-08,60-74,382,374702.7261661855,62821.87,67016.97,5379.9
2022-09-08,75-90,375,435988.7642697549,84226.53,87285.38,3907.56
2022-09-08,8-14,295,277684.5587677084,10822.8,26746.81,16980.08
2022-09-08,Current,2891,3127368.5467062485,2343.82,456271.32,492976.1
2022-09-09,1-7,338,319221.5132325346,13313.79,36384.85,25084.21
2022-09-09,15-29,446,425019.7958935489,30198.45,47750.82,21928.53
2022-09-09,30-44,395,473207.9368625668,56262,71672.42,19656.49
2022-09-09,45-59,329,329045.380975629,44854.55,52700.54,10602.96
2022-09-09,60-74,388,383678.1139968156,66249.67,68735.92,5522.73
2022-09-09,75-90,310,352199.4463891721,68687.66,69254.77,3066.69
2022-09-09,8-14,310,312077.0728849862,15379.07,33639.88,20996.08
2022-09-09,Current,2929,3161702.7066860413,4602.86,469064.85,529518.24
2022-09-10,1-7,359,338962.9338829257,12603.66,37647.61,30787.99
2022-09-10,15-29,534,486723.2410357258,33287.83,53244.44,26751.13
2022-09-10,30-44,402,484596.1484194811,56675.37,72189.84,20436.09
2022-09-10,45-59,337,341600.6785970682,46398.75,54232.78,10715.81
2022-09-10,60-74,383,374661.1818073667,64865.04,66597.93,5317.15
2022-09-10,75-90,319,362706.1132420195,70587.58,71539.8,3483.42
2022-09-10,8-14,350,362158.6682268669,15134.22,41344.52,27528.73
2022-09-10,Current,2759,3003645.3724607644,544.07,451624.39,513936.61
2022-09-11,1-7,295,281487.0134579735,8113.4,30451.14,28524.8
2022-09-11,15-29,454,407760.4698818023,26145.94,44000.44,22585.58
2022-09-11,30-44,461,538447.3186641855,61314.19,77700.25,24340.65
2022-09-11,45-59,354,366902.723515928,49280.51,56875.38,11034.01
2022-09-11,60-74,388,372874.0649429745,64219.53,65934.93,5459.14
2022-09-11,75-90,327,375388.1722083879,72864.18,74214.33,3881.35
2022-09-11,8-14,412,421485.3850008492,19370.97,47562.11,29458.26
2022-09-11,Current,2751,2993859.2571680397,635.1,451452.71,514895.75
2022-09-12,1-7,275,257559.1872907179,7601.7,26973.98,24610.98
2022-09-12,15-29,457,412824.0887525572,26363.97,45949.2,23819.66
2022-09-12,30-44,368,431935.5545506897,47975.25,62715.1,19387.96
2022-09-12,45-59,419,451623.9722101462,59339.01,69571.75,15559.99
2022-09-12,60-74,399,381804.9194266952,65296.08,67846.88,5701.71
2022-09-12,75-90,336,380993.3767266576,74040.2,75439.89,3925.97
2022-09-12,8-14,409,414554.3481264034,19062.86,46308.68,28475.82
2022-09-12,Current,2772,3018348.5491032223,514.38,463561.18,524797.29
